Category,Abbreviation,Code,Description,ExampleURLs,Original_Description
Adult,adlt,1006,"[Domain: Adult & Mature Content] Category: Adult. Directed at adults, but not necessarily pornographic. May include adult clubs (strip clubs, swingers clubs, escort services, strippers), general information about sex, nonpornographic in nature, genital piercing, adult products or greeting cards, information about sex not in the context of health or disease. Semantic Keywords: mature, age-restricted, explicit, erotic, sexuality, 18+, NSFW.","http://www.adultentertainmentexpo.com
http://www.sincerelynot.com","Directed at adults, but not necessarily pornographic. May include adult clubs (strip clubs, swingers clubs, escort services, strippers), general information about sex, nonpornographic in nature, genital piercing, adult products or greeting cards, information about sex not in the context of health or disease."
Advertisements,adv,1027,"[Domain: Business & Marketing] Category: Advertisements. Banner and pop-up advertisements that often accompany a web page, other advertising websites that provide advertisement content. Advertising services and sales are classified as Business and Industry. Semantic Keywords: marketing, ad network, promotions, campaigns, ad-tech, tracking, banners.","http://www.adforce.com
http://www.doubleclick.com","Banner and pop-up advertisements that often accompany a web page, other advertising websites that provide advertisement content. Advertising services and sales are classified as Business and Industry."
Alcohol,alc,1077,"[Domain: Entertainment & Leisure] Category: Alcohol. Alcohol as a pleasurable activity, beer and wine making, cocktail recipes, liquor sellers, wineries, vineyards, breweries, alcohol distributors. Alcohol addiction is classified as Health and Nutrition. Bars and restaurants are classified as Dining and Drinking. Semantic Keywords: beverages, drinking, spirits, brewing, nightlife, intoxication, liquor.","http://www.samueladams.com
http://www.whisky.com","Alcohol as a pleasurable activity, beer and wine making, cocktail recipes, liquor sellers, wineries, vineyards, breweries, alcohol distributors. Alcohol addiction is classified as Health and Nutrition. Bars and restaurants are classified as Dining and Drinking."
Animals and Pets,pets,1107,"[Domain: Hobbies & Lifestyle] Category: Animals and Pets. Information about domestic animals, livestock, service animals, pets, and their care. Veterinary services, medicines, and animal health. Pet and animal training, aquariums, zoos, and animal shows. Includes animal shelters, humane societies, animal-centric charities, and sanctuaries, bee keeping, training, and animal husbandry, dinosaurs, and extinct animals. Semantic Keywords: veterinary, wildlife, pets, zoology, domestic animals, animal care.","http://petmd.co
http://wheatenorg.uk","Information about domestic animals, livestock, service animals, pets, and their care. Veterinary services, medicines, and animal health. Pet and animal training, aquariums, zoos, and animal shows. Includes animal shelters, humane societies, animal-centric charities, and sanctuaries, bee keeping, training, and animal husbandry, dinosaurs, and extinct animals."
Arts,art,1002,"[Domain: Culture & Humanities] Category: Arts. Galleries and exhibitions, artists and art, photography, literature and books, performing arts and theater, musicals, ballet, museums, design, and architecture. Cinema and television are classified as Entertainment. Semantic Keywords: creativity, aesthetics, visual arts, performing arts, culture, exhibitions.","http://www.moma.org
http://www.nga.gov","Galleries and exhibitions, artists and art, photography, literature and books, performing arts and theater, musicals, ballet, museums, design, and architecture. Cinema and television are classified as Entertainment."
Astrology,astr,1074,"[Domain: Culture & Humanities] Category: Astrology. Astrology, horoscope, fortune telling, numerology, psychic advice, and tarot. Semantic Keywords: zodiac, horoscope, mysticism, fortune telling, esoteric, spirituality.","http://www.astro.com
http://www.astrology.com","Astrology, horoscope, fortune telling, numerology, psychic advice, and tarot."
Auctions,auct,1088,"[Domain: Shopping & Commerce] Category: Auctions. Online and offline auctions, auction houses, and classified advertisements. Semantic Keywords: bidding, marketplace, second-hand, classifieds, buying, selling.","http://www.craigslist.com
http://www.ebay.com","Online and offline auctions, auction houses, and classified advertisements."
Business and Industry,busi,1019,"[Domain: Business & Economics] Category: Business and Industry. Marketing, commerce, corporations, business practices, workforce, human resources, transportation, payroll, security and venture capital, office supplies, industrial equipment (process equipment), machines and mechanical systems, heating equipment, cooling equipment, materials handling equipment, packaging equipment, manufacturing: solids handling, metal fabrication, construction and building, passenger transportation, commerce, industrial design, construction, building materials, and shipping and freight (freight services, trucking, freight forwarders, truckload carriers, freight and transportation brokers, expedited services, load and freight matching, track and trace, rail shipping, ocean shipping, road feeder services, and moving and storage). Semantic Keywords: corporate, enterprise, manufacturing, logistics, commerce, trade.","http://www.freightcenter.com
http://www.ge.com","Marketing, commerce, corporations, business practices, workforce, human resources, transportation, payroll, security and venture capital, office supplies, industrial equipment (process equipment), machines and mechanical systems, heating equipment, cooling equipment, materials handling equipment, packaging equipment, manufacturing: solids handling, metal fabrication, construction and building, passenger transportation, commerce, industrial design, construction, building materials, and shipping and freight (freight services, trucking, freight forwarders, truckload carriers, freight and transportation brokers, expedited services, load and freight matching, track and trace, rail shipping, ocean shipping, road feeder services, and moving and storage)."
Cannabis,cann,1109,"[Domain: Adult & Mature Content] Category: Cannabis. Websites that focus on the recreational and medicinal consumption of cannabis. Sites may include marketing, discussions about legal and regulatory issues, growth and production, paraphernalia, research, and investment in the cannabis industry. Dispensaries, cannabinoid-based (CBD oil, THC, etc.) products are also included. Semantic Keywords: marijuana, CBD, dispensary, recreational drugs, THC, weed.","http://localproduct.co
http://oregonbc.com","Websites that focus on the recreational and medicinal consumption of cannabis. Sites may include marketing, discussions about legal and regulatory issues, growth and production, paraphernalia, research, and investment in the cannabis industry. Dispensaries, cannabinoid-based (CBD oil, THC, etc.) products are also included."
Chat and Instant Messaging,chat,1040,"[Domain: Communication] Category: Chat and Instant Messaging. Web-based instant messaging and chat rooms. Semantic Keywords: messaging, texting, online chat, communication, social interaction.","http://www.icq.com
http://www.e-chat.co",Web-based instant messaging and chat rooms.
Cheating and Plagiarism,plag,1051,"[Domain: Malicious & Risky] Category: Cheating and Plagiarism. Promoting cheating and selling written work, such as term papers, for plagiarism. Semantic Keywords: academic dishonesty, fraud, copying, unoriginal work, essay mills.","http://www.bestessays.com
http://www.superiorpapers.com","Promoting cheating and selling written work, such as term papers, for plagiarism."
Child Abuse Content,cprn,1064,"[Domain: Illegal & Malicious] Category: Child Abuse Content. Worldwide illegal child sexual abuse content. Semantic Keywords: CSAM, exploitation, illegal material, criminal, abuse, law enforcement.",,Worldwide illegal child sexual abuse content.
Cloud and Data Centers,serv,1118,"[Domain: Technology & Infrastructure] Category: Cloud and Data Centers. Platforms used to serve cloud infrastructure or data center hosting to support an organization's applications, services, or data processing. Due to the decentralized nature of these domains and IP addresses, a more specific category cannot be applied based on content or ownership. Semantic Keywords: hosting, servers, AWS, Azure, computing resources, virtualization.","http://azurewebsites.net
http://s3.amazonaws.com","Platforms used to serve cloud infrastructure or data center hosting to support an organization's applications, services, or data processing. Due to the decentralized nature of these domains and IP addresses, a more specific category cannot be applied based on content or ownership."
Computer Security,csec,1065,"[Domain: Technology & Infrastructure] Category: Computer Security. Offering security products and services for corporate and home users. Semantic Keywords: cybersecurity, antivirus, firewall, infosec, threat prevention.","http://www.computersecurity.com
http://www.symantec.com",Offering security products and services for corporate and home users.
Computers and Internet,comp,1003,"[Domain: Technology & Infrastructure] Category: Computers and Internet. Information about computers and software, such as hardware, software, software support, information for software engineers, programming and networking, website design, the web and Internet in general, computer science, computer graphics, and clipart. Freeware and Shareware is a separate category. Semantic Keywords: hardware, software, networking, programming, tech support.","http://www.xml.com
http://www.w3.org","Information about computers and software, such as hardware, software, software support, information for software engineers, programming and networking, website design, the web and Internet in general, computer science, computer graphics, and clipart. Freeware and Shareware is a separate category."
"Conventions, Conferences, and Trade Shows",expo,1110,"[Domain: Business & Education] Category: Conventions, Conferences, and Trade Shows. Seminars, trade shows, conventions, and conferences themed around a particular industry, market, or common interest. May include information about acquiring tickets, registration, abstract or presentation proposal guidelines, workshops, sponsorship details, vendor or exhibitor information, and other marketing or promotional material. This category includes academic, professional, and pop culture events, all of which tend to be a short-lived or annual event. Semantic Keywords: events, networking, seminars, expos, professional gatherings.","http://thesmallbusinessexpo.com
http://makerfaire.com","Seminars, trade shows, conventions, and conferences themed around a particular industry, market, or common interest. May include information about acquiring tickets, registration, abstract or presentation proposal guidelines, workshops, sponsorship details, vendor or exhibitor information, and other marketing or promotional material. This category includes academic, professional, and pop culture events, all of which tend to be a short-lived or annual event."
Cryptocurrency,cryp,1111,"[Domain: Business & Finance] Category: Cryptocurrency. Online brokerages and websites that enable users to trade cryptocurrencies; information regarding cryptocurrencies, including analysis, commentary, advice, performance indexes, and price charts. General information about cryptomining and mining businesses are included in this category, but domains and IP addresses directly involved in mining activities are categorized as Cryptomining. Semantic Keywords: blockchain, bitcoin, decentralized finance, crypto trading, web3.","http://coinbase.com
http://coinsutra.com","Online brokerages and websites that enable users to trade cryptocurrencies; information regarding cryptocurrencies, including analysis, commentary, advice, performance indexes, and price charts. General information about cryptomining and mining businesses are included in this category, but domains and IP addresses directly involved in mining activities are categorized as Cryptomining."
Cryptomining,mine,1112,"[Domain: Technology & Infrastructure] Category: Cryptomining. Hosts that are actively participating in a cryptocurrency mining pool. Semantic Keywords: hashrate, mining pools, proof of work, crypto generation, hardware.","http://give-me-coins.com
http://slushpool.com",Hosts that are actively participating in a cryptocurrency mining pool.
Dating,date,1055,"[Domain: Society & Lifestyle] Category: Dating. Dating, online personals, and matrimonial agencies. Semantic Keywords: matchmaking, romance, relationships, online personals, singles.","http://www.eharmony.com
http://www.match.com","Dating, online personals, and matrimonial agencies."
Digital Postcards,card,1082,"[Domain: Communication] Category: Digital Postcards. Enabling sending of digital postcards and e-cards. Semantic Keywords: e-cards, greetings, digital messages, virtual gifts.","http://www.hallmarkecards.com
http://www.bluemountain.com",Enabling sending of digital postcards and e-cards.
Dining and Drinking,food,1061,"[Domain: Entertainment & Leisure] Category: Dining and Drinking. Eating and drinking establishments, restaurants, bars, taverns, pubs, and restaurant guides and reviews. Semantic Keywords: restaurants, cafes, food service, gastronomy, eating out.","http://www.zagat.com
http://www.experiencethepub.com","Eating and drinking establishments, restaurants, bars, taverns, pubs, and restaurant guides and reviews."
DIY Projects,diy,1097,"[Domain: Hobbies & Lifestyle] Category: DIY Projects. Guidance and information to create, improve, modify, decorate, and repair something without the aid of experts or professionals. Semantic Keywords: home improvement, crafts, handmade, repairing, self-reliance.","http://www.diy-tips.co.uk
http://www.thisoldhouse.com","Guidance and information to create, improve, modify, decorate, and repair something without the aid of experts or professionals."
DNS-Tunneling,tunn,1122,"[Domain: Technology & Infrastructure] Category: DNS-Tunneling. Sites that provide DNS Tunneling as a service. These services can be for PC or mobile and create a VPN connection specifically over DNS to send traffic that may bypass corporate policies and inspection. Semantic Keywords: network evasion, protocol bypass, VPN alternative, data exfiltration.",,Sites that provide DNS Tunneling as a service. These services can be for PC or mobile and create a VPN connection specifically over DNS to send traffic that may bypass corporate policies and inspection.
DoH and DoT,doht,1113,"[Domain: Technology & Infrastructure] Category: DoH and DoT. Encrypted DNS requests using either the DNS over HTTPS (DoH) protocol or the DNS over TLS protocol. These protocols are typically used as a layer of security and privacy by end users, but the encryption hides the destination of the request and passes it through a third party. Semantic Keywords: DNS over HTTPS, privacy, encrypted DNS, network resolution.","http://cloudflare-dns.com
http://dns.google.com","Encrypted DNS requests using either the DNS over HTTPS (DoH) protocol or the DNS over TLS protocol. These protocols are typically used as a layer of security and privacy by end users, but the encryption hides the destination of the request and passes it through a third party."
Dynamic and Residential,dyn,1091,"[Domain: Technology & Infrastructure] Category: Dynamic and Residential. IP addresses of broadband links that usually indicates users attempting to access their home network, for example for a remote session to a home computer. Semantic Keywords: IP proxies, residential networks, dynamic IPs, routing.",http://109.60.192.55,"IP addresses of broadband links that usually indicates users attempting to access their home network, for example for a remote session to a home computer."
Dynamic DNS Provider,ddns,1114,"[Domain: Technology & Infrastructure] Category: Dynamic DNS Provider. Users may use dynamic DNS services to make certain applications or content accessible via the web from endpoints hosted on dynamically assigned IP addresses. Access is granted through a hostname on the domain owned by the dynamic DNS service. Semantic Keywords: DDNS, IP mapping, network resolution, domain pointing.","http://noip.com
http://afraid.org",Users may use dynamic DNS services to make certain applications or content accessible via the web from endpoints hosted on dynamically assigned IP addresses. Access is granted through a hostname on the domain owned by the dynamic DNS service.
Education,edu,1001,"[Domain: Education & Reference] Category: Education. Education related, such as schools, colleges, universities, teaching materials, teachers' resources, technical and vocational training, online training, education issues and policies, financial aid, school funding, and standards and testing. Semantic Keywords: learning, schools, universities, academic, e-learning, students.","http://www.education.com
http://www.greatschools.org","Education related, such as schools, colleges, universities, teaching materials, teachers' resources, technical and vocational training, online training, education issues and policies, financial aid, school funding, and standards and testing."
Entertainment,ent,1093,"[Domain: Entertainment & Leisure] Category: Entertainment. Details or discussion of films, music and bands, television, celebrities and fan websites, entertainment news, celebrity gossip, and entertainment venues. Compare the Arts category. Semantic Keywords: media, showbiz, movies, pop culture, leisure, amusement.","http://www.eonline.com
http://www.ew.com","Details or discussion of films, music and bands, television, celebrities and fan websites, entertainment news, celebrity gossip, and entertainment venues. Compare the Arts category."
Extreme,extr,1075,"[Domain: Malicious & Risky] Category: Extreme. Material of a sexually violent or criminal nature, violence and violent behavior, tasteless, often gory photographs, such as autopsy photos, photos of crime scenes, crime and accident victims, excessive obscene material, and shock websites. Semantic Keywords: disturbing, graphic content, violence, shock, offensive material.","http://www.car-accidents.com
http://www.crime-scene-photos.com","Material of a sexually violent or criminal nature, violence and violent behavior, tasteless, often gory photographs, such as autopsy photos, photos of crime scenes, crime and accident victims, excessive obscene material, and shock websites."
Fashion,fash,1076,"[Domain: Shopping & Lifestyle] Category: Fashion. Clothing and fashion, hair salons, cosmetics, accessories, jewelry, perfume, pictures and text relating to body modification, tattoos and piercing, and modeling agencies. Dermatological products are classified as Health and Nutrition. Semantic Keywords: clothing, apparel, style, accessories, trends, cosmetics.","http://www.fashion.net
http://www.styleseat.com","Clothing and fashion, hair salons, cosmetics, accessories, jewelry, perfume, pictures and text relating to body modification, tattoos and piercing, and modeling agencies. Dermatological products are classified as Health and Nutrition."
File Transfer Services,fts,1071,"[Domain: Technology & Infrastructure] Category: File Transfer Services. File transfer services with the primary purpose of providing download services and hosted file sharing. Semantic Keywords: file sharing, cloud storage, uploads, downloads, data transfer.","http://www.sharefile.com
http://www.wetransfer.com",File transfer services with the primary purpose of providing download services and hosted file sharing.
Filter Avoidance,filt,1025,"[Domain: Technology & Infrastructure] Category: Filter Avoidance. Promoting and aiding undetectable and anonymous web usage, including cgi, php, and glype anonymous proxy services. Semantic Keywords: proxies, VPN, bypass, unblock, censorship circumvention.","http://www.bypassschoolfilter.com
http://www.filterbypass.com","Promoting and aiding undetectable and anonymous web usage, including cgi, php, and glype anonymous proxy services."
Finance,fnnc,1015,"[Domain: Business & Finance] Category: Finance. Primarily financial in nature, such as accounting practices and accountants, taxation, taxes, banking, insurance, investing, the national economy, personal finance involving insurance of all types, credit cards, retirement and estate planning, loans, and mortgages. Stock and shares are classified as Online Trading. Semantic Keywords: banking, investing, wealth management, economy, money, loans.","http://www.finance.yahoo.com
http://www.bankofamerica.com","Primarily financial in nature, such as accounting practices and accountants, taxation, taxes, banking, insurance, investing, the national economy, personal finance involving insurance of all types, credit cards, retirement and estate planning, loans, and mortgages. Stock and shares are classified as Online Trading."
Freeware and Shareware,free,1068,"[Domain: Technology & Infrastructure] Category: Freeware and Shareware. Providing downloads of free and shareware software. Semantic Keywords: free software, open source, downloads, utilities, trials.","http://www.freewarehome.com
http://www.filehippo.com",Providing downloads of free and shareware software.
Gambling,gamb,1049,"[Domain: Entertainment & Leisure] Category: Gambling. Casinos and online gambling, bookmakers and odds, gambling advice, competitive racing in a gambling context, sports booking, sports gambling, and services for spread betting on stocks and shares. Websites dealing with gambling addiction are classified as Health and Nutrition. Government-run lotteries are classified as Lotteries. Semantic Keywords: betting, casinos, poker, sportsbooks, wagering, chance.","http://www.888.com
http://www.gambling.com","Casinos and online gambling, bookmakers and odds, gambling advice, competitive racing in a gambling context, sports booking, sports gambling, and services for spread betting on stocks and shares. Websites dealing with gambling addiction are classified as Health and Nutrition. Government-run lotteries are classified as Lotteries."
Games,game,1007,"[Domain: Entertainment & Leisure] Category: Games. Various card games, board games, word games, video games, combat games, sports games, downloadable games, game reviews, cheat sheets, computer games, and Internet games, such as role-playing games. Semantic Keywords: video games, gaming, esports, online multiplayer, consoles.","http://www.games.com
http://www.shockwave.com","Various card games, board games, word games, video games, combat games, sports games, downloadable games, game reviews, cheat sheets, computer games, and Internet games, such as role-playing games."
Government and Law,gov,1011,"[Domain: Society & Government] Category: Government and Law. Government websites, foreign relations, news and information relating to government and elections, information relating to the field of law, such as attorneys, law firms, law publications, legal reference material, courts, dockets, and legal associations, legislation and court decisions, civil rights issues, immigration, patents and copyrights, information relating to law enforcement and correctional systems, crime reporting, law enforcement, crime statistics, military, such as the armed forces, military bases, military organizations, and antiterrorism. Semantic Keywords: public sector, legal, civic, policies, regulations, legislation.","http://www.usa.gov
http://www.law.com","Government websites, foreign relations, news and information relating to government and elections, information relating to the field of law, such as attorneys, law firms, law publications, legal reference material, courts, dockets, and legal associations, legislation and court decisions, civil rights issues, immigration, patents and copyrights, information relating to law enforcement and correctional systems, crime reporting, law enforcement, crime statistics, military, such as the armed forces, military bases, military organizations, and antiterrorism."
Hacking,hack,1050,"[Domain: Malicious & Risky] Category: Hacking. Discussing ways to bypass the security of websites, software, and computers. Semantic Keywords: cracking, cyber attacks, exploits, black hat, vulnerabilities.","http://www.hackthissite.org
http://www.gohacking.com","Discussing ways to bypass the security of websites, software, and computers."
Hate Speech,hate,1016,"[Domain: Malicious & Risky] Category: Hate Speech. Websites promoting hatred, intolerance, or discrimination on the basis of social group, color, religion, sexual orientation, disability, class, ethnicity, nationality, age, gender, gender identity, sites promoting racism, sexism, racist theology, hate music, neo-Nazi organizations, supremacism, and Holocaust denial. Semantic Keywords: discrimination, racism, extremism, bigotry, offensive language.","http://www.kkk.com
http://www.aryanunity.com","Websites promoting hatred, intolerance, or discrimination on the basis of social group, color, religion, sexual orientation, disability, class, ethnicity, nationality, age, gender, gender identity, sites promoting racism, sexism, racist theology, hate music, neo-Nazi organizations, supremacism, and Holocaust denial."
Health and Medicine,hmed,1104,"[Domain: Health & Science] Category: Health and Medicine. Health care, diseases and disabilities, medical care, hospitals, doctors, medicinal drugs, mental health, psychiatry, pharmacology, exercise and fitness, physical disabilities, vitamins and supplements, sex in the context of health (disease and health care), tobacco use, alcohol use, drug use, and gambling in the context of health (disease and health care). Semantic Keywords: medical, healthcare, clinics, illnesses, treatments, wellness.","http://health.com
http://webmd.com","Health care, diseases and disabilities, medical care, hospitals, doctors, medicinal drugs, mental health, psychiatry, pharmacology, exercise and fitness, physical disabilities, vitamins and supplements, sex in the context of health (disease and health care), tobacco use, alcohol use, drug use, and gambling in the context of health (disease and health care)."
Health and Nutrition,hlth,1009,"[Domain: Health & Science] Category: Health and Nutrition. Health care, diseases and disabilities, medical care, hospitals, doctors, medicinal drugs, mental health, psychiatry, pharmacology, exercise and fitness, physical disabilities, vitamins and supplements, sex in the context of health (disease and health care), tobacco use, alcohol use, drug use, gambling in the context of health (disease and health care), food in general, food and beverage, cooking and recipes, food and nutrition, health, dieting, cooking, including recipe and culinary websites, and alternative medicine. Semantic Keywords: diet, fitness, supplements, well-being, healthy living.","http://www.health.com
http://www.webmd.com","Health care, diseases and disabilities, medical care, hospitals, doctors, medicinal drugs, mental health, psychiatry, pharmacology, exercise and fitness, physical disabilities, vitamins and supplements, sex in the context of health (disease and health care), tobacco use, alcohol use, drug use, gambling in the context of health (disease and health care), food in general, food and beverage, cooking and recipes, food and nutrition, health, dieting, cooking, including recipe and culinary websites, and alternative medicine."
Humor,lol,1079,"[Domain: Entertainment & Leisure] Category: Humor. Jokes, sketches, comics, and other humorous content. Adult humor likely to offend is classified as Adult. Semantic Keywords: comedy, jokes, satire, memes, funny content, entertainment.","http://www.pun.me
http://www.jokes.com","Jokes, sketches, comics, and other humorous content. Adult humor likely to offend is classified as Adult."
Hunting,hunt,1098,"[Domain: Hobbies & Lifestyle] Category: Hunting. Hunting and fishing, professional or sport hunting, gun clubs, and other hunting-related sites. Semantic Keywords: outdoors, wildlife management, game hunting, marksmanship.","http://www.bulletsafaris.com
http://mfha.org","Hunting and fishing, professional or sport hunting, gun clubs, and other hunting-related sites."
Illegal Activities,ilac,1022,"[Domain: Illegal & Malicious] Category: Illegal Activities. Promoting crime, such as stealing, fraud, illegally accessing telephone networks, computer viruses, terrorism, bombs, anarchy, and websites depicting murder and suicide as well as explaining ways to commit them. Semantic Keywords: crime, black market, dark web, lawbreaking, illicit goods.","http://www.ekran.no
http://pyrobin.com","Promoting crime, such as stealing, fraud, illegally accessing telephone networks, computer viruses, terrorism, bombs, anarchy, and websites depicting murder and suicide as well as explaining ways to commit them."
Illegal Downloads,ildl,1084,"[Domain: Illegal & Malicious] Category: Illegal Downloads. Providing the ability to download software or other materials, serial numbers, key generators, and tools for bypassing software protection in violation of copyright agreements. Torrents are classified as Peer File Transfer. Semantic Keywords: piracy, torrents, copyrighted material, unauthorized sharing.","http://www.keygenninja.com
http://www.rootscrack.com","Providing the ability to download software or other materials, serial numbers, key generators, and tools for bypassing software protection in violation of copyright agreements. Torrents are classified as Peer File Transfer."
Illegal Drugs,drug,1047,"[Domain: Illegal & Malicious] Category: Illegal Drugs. Information about recreational drugs, drug paraphernalia, and drug purchase and manufacture. Semantic Keywords: narcotics, controlled substances, illicit drugs, addiction.","http://www.shroomery.org
http://www.hightimes.com","Information about recreational drugs, drug paraphernalia, and drug purchase and manufacture."
Infrastructure and Content Delivery Networks,infr,1018,"[Domain: Technology & Infrastructure] Category: Infrastructure and Content Delivery Networks. Content delivery infrastructure and dynamically generated content, and websites that cannot be classified more specifically because they are secured or otherwise difficult to classify. Semantic Keywords: CDN, bandwidth, edge computing, web acceleration, hosting.","http://www.akamai.net
http://www.webstat.net","Content delivery infrastructure and dynamically generated content, and websites that cannot be classified more specifically because they are secured or otherwise difficult to classify."
Internet of Things,iot,1116,"[Domain: Technology & Infrastructure] Category: Internet of Things. Domains used to monitor the general health, activity, or aid in the configuration of Internet of Things (IoT) and other network-aware electronics. Additionally, these sites may provide software or firmware updates or allow remote access to administer the device. IoT exists in both consumer and professional segments, in products such as printers, televisions, thermostats, system monitoring, automation, and smart appliances. Semantic Keywords: IoT, smart devices, connected home, automation, sensors.","http://samsungotn.net
http://transport.nest.com","Domains used to monitor the general health, activity, or aid in the configuration of Internet of Things (IoT) and other network-aware electronics. Additionally, these sites may provide software or firmware updates or allow remote access to administer the device. IoT exists in both consumer and professional segments, in products such as printers, televisions, thermostats, system monitoring, automation, and smart appliances."
Internet Telephony,voip,1067,"[Domain: Communication] Category: Internet Telephony. Telephonic services using the Internet. Semantic Keywords: VoIP, SIP, online calling, voice communication, teleconferencing.","http://www.skype.com
http://www.getvoca.com",Telephonic services using the Internet.
Job Search,job,1004,"[Domain: Business & Economics] Category: Job Search. Career advice, resume writing and interviewing skills, job placement services, job databanks, permanent and temporary employment agencies, and employer websites. Semantic Keywords: employment, careers, recruiting, resumes, hiring, vacancies.","http://www.careerbuilder.com
http://www.monster.com","Career advice, resume writing and interviewing skills, job placement services, job databanks, permanent and temporary employment agencies, and employer websites."
Lingerie and Swimsuits,ling,1031,"[Domain: Shopping & Lifestyle] Category: Lingerie and Swimsuits. Intimate apparel and swimwear, especially when modeled. Semantic Keywords: intimate apparel, swimwear, underwear, clothing, fashion.","http://www.swimsuits.com
http://www.victoriassecret.com","Intimate apparel and swimwear, especially when modeled."
Lotteries,lotr,1034,"[Domain: Entertainment & Leisure] Category: Lotteries. Sweepstakes, contests, and state-sponsored lotteries. Semantic Keywords: sweepstakes, tickets, drawings, jackpots, gambling, chance.","http://www.calottery.com
http://www.flalottery.com","Sweepstakes, contests, and state-sponsored lotteries."
Military,mil,1099,"[Domain: Society & Government] Category: Military. Military, such as the armed forces, military bases, military organizations, and antiterrorism. Semantic Keywords: armed forces, defense, army, navy, air force, national security.","http://www.goarmy.com
http://www.todaysmilitary.com","Military, such as the armed forces, military bases, military organizations, and antiterrorism."
Mobile Phones,cell,1070,"[Domain: Technology & Infrastructure] Category: Mobile Phones. Short Message Services (SMS), ringtones, and mobile phone downloads. Cellular carrier websites are included in the Business and Industry category. Semantic Keywords: smartphones, cellular, telecommunications, mobile devices, apps.","http://www.cbfsms.com
http://www.zedge.net","Short Message Services (SMS), ringtones, and mobile phone downloads. Cellular carrier websites are included in the Business and Industry category."
Museums,muse,1117,"[Domain: Culture & Humanities] Category: Museums. Museums and exhibits, both online and physical, dedicated to preserving information regarding subjects that could be of general interest or highly specialized. Subjects could include art, history, or science, or be of cultural importance. Semantic Keywords: exhibits, history, art galleries, artifacts, cultural institutions.","http://ushmm.org
http://museodelasmomiasdeguanajuato.negocio.site","Museums and exhibits, both online and physical, dedicated to preserving information regarding subjects that could be of general interest or highly specialized. Subjects could include art, history, or science, or be of cultural importance."
Nature and Conservation,ncon,1106,"[Domain: Science & Environment] Category: Nature and Conservation. Sites related to natural resources, ecology and conservation, forests, wilderness, plants, flowers, forest conservation, forest, wilderness, forestry practices, forest management (reforestation, forest protection, conservation, harvesting, forest health, thinning, and prescribed burning), agricultural practices (agriculture, gardening, horticulture, landscaping, planting, weed control, irrigation, pruning, and harvesting), and pollution issues (air quality, hazardous waste, pollution prevention, recycling, waste management, water quality, and the environmental cleanup industry). Semantic Keywords: ecology, environment, sustainability, earth, preservation.","http://nature.org
http://thepottedgarden.co.uk","Sites related to natural resources, ecology and conservation, forests, wilderness, plants, flowers, forest conservation, forest, wilderness, forestry practices, forest management (reforestation, forest protection, conservation, harvesting, forest health, thinning, and prescribed burning), agricultural practices (agriculture, gardening, horticulture, landscaping, planting, weed control, irrigation, pruning, and harvesting), and pollution issues (air quality, hazardous waste, pollution prevention, recycling, waste management, water quality, and the environmental cleanup industry)."
Nature,natr,1013,"[Domain: Science & Environment] Category: Nature. Natural resources, ecology and conservation, forests, wilderness, plants, flowers, forest conservation, forest, wilderness, forestry practices, forest management (reforestation, forest protection, conservation, harvesting, forest health, thinning, and prescribed burning), agricultural practices (agriculture, gardening, horticulture, landscaping, planting, weed control, irrigation, pruning, and harvesting), pollution issues (air quality, hazardous waste, pollution prevention, recycling, waste management, water quality, and the environmental cleanup industry), animals, pets, livestock, zoology, biology, and botany. Semantic Keywords: outdoors, wilderness, landscapes, flora, fauna, natural world.","http://www.enature.com
http://www.agriculture.com","Natural resources, ecology and conservation, forests, wilderness, plants, flowers, forest conservation, forest, wilderness, forestry practices, forest management (reforestation, forest protection, conservation, harvesting, forest health, thinning, and prescribed burning), agricultural practices (agriculture, gardening, horticulture, landscaping, planting, weed control, irrigation, pruning, and harvesting), pollution issues (air quality, hazardous waste, pollution prevention, recycling, waste management, water quality, and the environmental cleanup industry), animals, pets, livestock, zoology, biology, and botany."
News,news,1058,"[Domain: Information & Media] Category: News. News, headlines, newspapers, television stations, magazines, weather, and ski conditions. Semantic Keywords: journalism, current events, reporting, headlines, media outlets.","http://www.cnn.com
http://news.bbc.co.uk","News, headlines, newspapers, television stations, magazines, weather, and ski conditions."
Nongovernmental Organizations,ngo,1087,"[Domain: Society & Government] Category: Nongovernmental Organizations. Nongovernmental organizations such as clubs, lobbies, communities, nonprofit organizations, and labor unions. Semantic Keywords: NGOs, non-profits, charities, activism, humanitarian.","http://www.panda.org
http://www.unions.org","Nongovernmental organizations such as clubs, lobbies, communities, nonprofit organizations, and labor unions."
Nonsexual Nudity,nsn,1060,"[Domain: Culture & Humanities] Category: Nonsexual Nudity. Nudism and nudity, naturism, nudist camps, and artistic nudes. Semantic Keywords: anatomy, naturism, art, figure drawing, unclothed.","http://www.1001fessesproject.com
http://www.naturistsociety.com","Nudism and nudity, naturism, nudist camps, and artistic nudes."
Not Actionable,nact,1103,"[Domain: Miscellaneous] Category: Not Actionable. Sites that have been inspected but are unreachable or do not have enough content to be assigned a category. Semantic Keywords: unclassified, inactive, irrelevant, unassigned.",,Sites that have been inspected but are unreachable or do not have enough content to be assigned a category.
Online Communities,comm,1024,"[Domain: Communication & Social] Category: Online Communities. Affinity groups, special interest groups, web newsgroups, and message boards. Excludes websites classified as Professional Networking or Social Networking. Semantic Keywords: forums, message boards, groups, discussions, user-generated.","http://www.reddit.com
http://www.stackexchange.com","Affinity groups, special interest groups, web newsgroups, and message boards. Excludes websites classified as Professional Networking or Social Networking."
Online Document Sharing and Collaboration,docs,1115,"[Domain: Communication & Work] Category: Online Document Sharing and Collaboration. Cloud-based software used to create, convert, or edit documents. Collaboration and sharing features may be available with access permissions typically configured by the author. Documents may be stored online or available to download. Semantic Keywords: productivity, teamwork, cloud editing, workspaces.","http://pastebin.com
http://docs.google.com","Cloud-based software used to create, convert, or edit documents. Collaboration and sharing features may be available with access permissions typically configured by the author. Documents may be stored online or available to download."
Online Meetings,meet,1100,"[Domain: Communication & Work] Category: Online Meetings. Online meetings, desktop sharing, remote access, and other tools that facilitate multilocation collaboration. Semantic Keywords: video conferencing, webinars, virtual meetings, telecommuting.","http://www.join.me
http://www.teamviewer.com","Online meetings, desktop sharing, remote access, and other tools that facilitate multilocation collaboration."
Online Storage and Backup,osb,1066,"[Domain: Technology & Infrastructure] Category: Online Storage and Backup. Offsite and peer-to-peer storage for backup, sharing, and hosting. Semantic Keywords: cloud storage, file hosting, archives, data recovery.","http://www.adrive.com
http://www.dropbox.com","Offsite and peer-to-peer storage for backup, sharing, and hosting."
Online Trading,trad,1028,"[Domain: Business & Finance] Category: Online Trading. Online brokerages, websites that enable the user to trade stocks online, information relating to the stock market, stocks, bonds, mutual funds, brokers, stock analysis, and commentary, stock screens, stock charts, IPOs, and stock splits. Services for spread betting on stocks and shares are classified as Gambling. Other financial services are classified as Finance. Semantic Keywords: stock market, forex, day trading, brokers, equities.","http://www.tdameritrade.com
http://www.etrade.com","Online brokerages, websites that enable the user to trade stocks online, information relating to the stock market, stocks, bonds, mutual funds, brokers, stock analysis, and commentary, stock screens, stock charts, IPOs, and stock splits. Services for spread betting on stocks and shares are classified as Gambling. Other financial services are classified as Finance."
Organizational Email,pem,1085,"[Domain: Communication & Work] Category: Organizational Email. Websites used to access business email (often via Outlook Web Access). Semantic Keywords: corporate email, business communication, enterprise mail.","http://mail.zoho.com
http://webmail.edmc.edu",Websites used to access business email (often via Outlook Web Access).
Paranormal,prnm,1101,"[Domain: Culture & Humanities] Category: Paranormal. UFOs, ghosts, cryptid, telekinesis, urban legends, and myths. Semantic Keywords: supernatural, ghosts, ufos, unexplained, cryptids.","http://www.ghoststudy.com
http://www.ufocasebook.com","UFOs, ghosts, cryptid, telekinesis, urban legends, and myths."
Parked Domains,park,1092,"[Domain: Technology & Infrastructure] Category: Parked Domains. Websites that monetize traffic from the domain using paid listings from an ad network or are owned by “squatters” hoping to sell the domain name for a profit. These also include fake search websites that return paid ad links. Semantic Keywords: placeholder, domain registration, inactive sites, landing pages.","http://www.domainzaar.com
http://www.cricketbuzz.com",Websites that monetize traffic from the domain using paid listings from an ad network or are owned by “squatters” hoping to sell the domain name for a profit. These also include fake search websites that return paid ad links.
Peer File Transfer,p2p,1056,"[Domain: Technology & Infrastructure] Category: Peer File Transfer. Peer-to-peer file request websites. This does not track the file transfers themselves. Semantic Keywords: P2P, torrenting, decentralized sharing, direct transfer.","http://www.bittorrent.com
http://www.torrentdownloads.me",Peer-to-peer file request websites. This does not track the file transfers themselves.
Personal Sites,pers,1081,"[Domain: Information & Media] Category: Personal Sites. Websites about and from private individuals, personal homepage servers, websites with personal contents, and personal blogs with no particular theme. Semantic Keywords: blogs, portfolios, personal homepages, diaries.","http://www.blogmaverick.com
http://www.stallman.org","Websites about and from private individuals, personal homepage servers, websites with personal contents, and personal blogs with no particular theme."
Personal VPN,pvpn,1102,"[Domain: Technology & Infrastructure] Category: Personal VPN. Virtual private network (VPN) sites or tools that are typically for personal use, and may or may not be approved for corporate usage. Semantic Keywords: privacy, tunneling, IP masking, network security, anonymity.","http://www.openvpn.net
http://www.torvpn.com","Virtual private network (VPN) sites or tools that are typically for personal use, and may or may not be approved for corporate usage."
Photo Search and Images,img,1090,"[Domain: Information & Media] Category: Photo Search and Images. Facilitating the storing and searching for images, photographs, and clipart. Semantic Keywords: stock photos, image galleries, visual search, photography.","http://www.flickr.com
http://www.photobucket.com","Facilitating the storing and searching for images, photographs, and clipart."
Politics,pol,1083,"[Domain: Society & Government] Category: Politics. Websites regarding politicians, political parties, news, and information on politics, elections, democracy, and voting. Semantic Keywords: elections, government, campaigns, political parties, debates.","http://www.politics.com
http://www.gp.org","Websites regarding politicians, political parties, news, and information on politics, elections, democracy, and voting."
Pornography,porn,1054,"[Domain: Adult & Mature Content] Category: Pornography. Sexually explicit text or depictions. Includes explicit anime and cartoons, general explicit depictions, other fetish material, explicit chat rooms, sex simulators, strip poker, adult movies, lewd art, and web-based explicit email. Semantic Keywords: NSFW, explicit sex, adult entertainment, hardcore, X-rated.","http://www.redtube.com
http://www.youporn.com","Sexually explicit text or depictions. Includes explicit anime and cartoons, general explicit depictions, other fetish material, explicit chat rooms, sex simulators, strip poker, adult movies, lewd art, and web-based explicit email."
Private IP Addresses as Host,piah,1121,"[Domain: Technology & Infrastructure] Category: Private IP Addresses as Host. Private IP addresses that are used as the host part of a URL. Private IP addresses are meant for internal use behind border routers only, so they are not publicly routable. Semantic Keywords: local network, intranet, non-routable IPs, internal hosting.",,"Private IP addresses that are used as the host part of a URL. Private IP addresses are meant for internal use behind border routers only, so they are not publicly routable."
Professional Networking,pnet,1089,"[Domain: Business & Economics] Category: Professional Networking. Social networking for the purpose of career or professional development. See also Social Networking. Semantic Keywords: B2B networking, career development, corporate connections, resumes.","http://www.linkedin.com
http://www.europeanpwn.net",Social networking for the purpose of career or professional development. See also Social Networking.
Real Estate,rest,1045,"[Domain: Shopping & Commerce] Category: Real Estate. Information that would support the search for real estate, office and commercial space, real estate listings, such as rentals, apartments, and homes, and house building. Semantic Keywords: housing, property, rentals, realtors, commercial property.","http://www.realtor.com
http://www.zillow.com","Information that would support the search for real estate, office and commercial space, real estate listings, such as rentals, apartments, and homes, and house building."
Recipes and Food,reci,1105,"[Domain: Hobbies & Lifestyle] Category: Recipes and Food. Sites dedicated to sharing or discussing information about cooking, recipes, and food or nonalcoholic beverages, cultural aspects of cuisine and food, diet descriptions and adherence tips, and general nutrition information about foods. Use of and instruction on cooking appliances and utensils. Food celebrity, lifestyle, and enthusiast blogs. Semantic Keywords: cooking, culinary, meals, baking, dietary, ingredients.","http://allrecipes.com
http://seriouseats.com","Sites dedicated to sharing or discussing information about cooking, recipes, and food or nonalcoholic beverages, cultural aspects of cuisine and food, diet descriptions and adherence tips, and general nutrition information about foods. Use of and instruction on cooking appliances and utensils. Food celebrity, lifestyle, and enthusiast blogs."
Reference,ref,1017,"[Domain: Education & Reference] Category: Reference. City and state guides, maps, time, reference sources, dictionaries, and libraries. Semantic Keywords: encyclopedias, dictionaries, research, informational, knowledge.","http://www.wikipedia.org
http://www.yellowpages.com","City and state guides, maps, time, reference sources, dictionaries, and libraries."
Regional Restricted Sites (Germany),xdeu,1125,"[Domain: Miscellaneous] Category: Regional Restricted Sites (Germany). URLs that are restricted in Germany due to content that may be unlawful as determined by the regional government. Semantic Keywords: geoblocked, Germany, regional compliance, restricted access.",,URLs that are restricted in Germany due to content that may be unlawful as determined by the regional government.
Regional Restricted Sites (Great Britain),xgbr,1123,"[Domain: Miscellaneous] Category: Regional Restricted Sites (Great Britain). URLs that are restricted in Great Britain due to content that may be unlawful as determined by the regional government. Semantic Keywords: geoblocked, UK, regional compliance, restricted access.",,URLs that are restricted in Great Britain due to content that may be unlawful as determined by the regional government.
Regional Restricted Sites (Italy),xita,1124,"[Domain: Miscellaneous] Category: Regional Restricted Sites (Italy). URLs that are restricted in Italy due to content that may be unlawful as determined by the regional government. Semantic Keywords: geoblocked, Italy, regional compliance, restricted access.",,URLs that are restricted in Italy due to content that may be unlawful as determined by the regional government.
Regional Restricted Sites (Poland),xpol,1126,"[Domain: Miscellaneous] Category: Regional Restricted Sites (Poland). URLs that are restricted in Poland due to content that may be unlawful as determined by the regional government. Semantic Keywords: geoblocked, Poland, regional compliance, restricted access.","http://betsafe62.com
http://tornadobet69.com",URLs that are restricted in Poland due to content that may be unlawful as determined by the regional government.
Religion,rel,1086,"[Domain: Culture & Humanities] Category: Religion. Religious content, information about religions, and religious communities. Semantic Keywords: faith, theology, spirituality, churches, beliefs, scripture.","http://www.religionfacts.com
http://www.religioustolerance.org","Religious content, information about religions, and religious communities."
SaaS and B2B,saas,1080,"[Domain: Business & Economics] Category: SaaS and B2B. Web portals for online business services and online meetings. Semantic Keywords: software as a service, enterprise solutions, business software.","http://www.netsuite.com
http://www.salesforce.com",Web portals for online business services and online meetings.
Safe for Kids,kids,1057,"[Domain: Education & Leisure] Category: Safe for Kids. Directed at, and specifically approved for, young children. Semantic Keywords: children, family friendly, youth, educational, kid safe.","http://www.discoverykids.com
http://www.nickjr.com","Directed at, and specifically approved for, young children."
Science and Technology,sci,1012,"[Domain: Health & Science] Category: Science and Technology. Science and technology, such as aerospace, electronics, engineering, mathematics, and other similar subjects, space exploration, meteorology, geography, environment, energy (fossil, nuclear, and renewable), and communications (telephones and telecommunications). Semantic Keywords: research, innovation, stem, engineering, discovery.","http://www.physorg.com
http://www.science.gov","Science and technology, such as aerospace, electronics, engineering, mathematics, and other similar subjects, space exploration, meteorology, geography, environment, energy (fossil, nuclear, and renewable), and communications (telephones and telecommunications)."
Search Engines and Portals,srch,1020,"[Domain: Information & Media] Category: Search Engines and Portals. Search engines and other initial points of access to information on the Internet. Semantic Keywords: web search, directories, aggregators, internet gateways.","http://www.bing.com
http://www.google.com",Search engines and other initial points of access to information on the Internet.
Sex Education,sxed,1052,"[Domain: Health & Science] Category: Sex Education. Factual websites dealing with sex, sexual health, contraception, and pregnancy. Semantic Keywords: sexual health, reproductive health, anatomy, safe sex.","http://www.avert.org
http://www.scarleteen.com","Factual websites dealing with sex, sexual health, contraception, and pregnancy."
Shopping,shop,1005,"[Domain: Shopping & Commerce] Category: Shopping. Bartering, online purchasing, coupons and free offers, general office supplies, online catalogs, and online malls. Semantic Keywords: ecommerce, retail, consumer goods, online stores, purchasing.","http://www.amazon.com
http://www.shopping.com","Bartering, online purchasing, coupons and free offers, general office supplies, online catalogs, and online malls."
Social Networking,snet,1069,"[Domain: Communication & Social] Category: Social Networking. Social networking. See also Professional Networking. Semantic Keywords: social media, profiles, friends, sharing, online connections.","http://www.facebook.com
http://www.twitter.com",Social networking. See also Professional Networking.
Social Science,socs,1014,"[Domain: Education & Reference] Category: Social Science. Sciences and history related to society, archaeology, anthropology, cultural studies, history, linguistics, geography, philosophy, psychology, and women's studies. Semantic Keywords: psychology, sociology, anthropology, human behavior, society.","http://www.archaeology.org
http://www.anthropology.net","Sciences and history related to society, archaeology, anthropology, cultural studies, history, linguistics, geography, philosophy, psychology, and women's studies."
Society and Culture,scty,1010,"[Domain: Culture & Humanities] Category: Society and Culture. Family and relationships, ethnicity, social organizations, genealogy, seniors, and child care. Semantic Keywords: heritage, traditions, societal norms, cultural institutions.","http://www.childcareaware.org
http://www.familysearch.org","Family and relationships, ethnicity, social organizations, genealogy, seniors, and child care."
Software Updates,swup,1053,"[Domain: Technology & Infrastructure] Category: Software Updates. Websites that host updates for software packages. Semantic Keywords: patches, downloads, system upgrades, firmware, versioning.","http://www.softwarepatch.com
http://www.windowsupdate.com",Websites that host updates for software packages.
Sports and Recreation,sprt,1008,"[Domain: Entertainment & Leisure] Category: Sports and Recreation. All sports, professional and amateur, recreational activities, fishing, fantasy sports, public parks, amusement parks, water parks, theme parks, zoos and aquariums, and spas. Semantic Keywords: athletics, fitness, teams, outdoor activities, sports news.","http://www.espn.com
http://www.recreation.gov","All sports, professional and amateur, recreational activities, fishing, fantasy sports, public parks, amusement parks, water parks, theme parks, zoos and aquariums, and spas."
Streaming Audio,aud,1073,"[Domain: Entertainment & Leisure] Category: Streaming Audio. Real-time streaming audio content including Internet radio and audio feeds. Semantic Keywords: podcasts, internet radio, music streaming, audio content.","http://www.live-radio.net
http://www.shoutcast.com",Real-time streaming audio content including Internet radio and audio feeds.
Streaming Video,vid,1072,"[Domain: Entertainment & Leisure] Category: Streaming Video. Real-time streaming video including Internet television, web casts, and video sharing. Semantic Keywords: VOD, live streams, movies, tv shows, video sharing.","http://www.hulu.com
http://www.youtube.com","Real-time streaming video including Internet television, web casts, and video sharing."
Terrorism and Violent Extremism,terr,1119,"[Domain: Illegal & Malicious] Category: Terrorism and Violent Extremism. Terrorist or extremist websites that promote death or violence as part of their ideology. Sites may contain graphic or disturbing images, videos, and text. Some sites may not advocate terrorism but share first-hand material of a violent nature. Semantic Keywords: radicalization, violence, terror groups, extremist propaganda.",,"Terrorist or extremist websites that promote death or violence as part of their ideology. Sites may contain graphic or disturbing images, videos, and text. Some sites may not advocate terrorism but share first-hand material of a violent nature."
Tobacco,tob,1078,"[Domain: Adult & Mature Content] Category: Tobacco. Pro-tobacco websites, tobacco manufacturers, and pipes and smoking products (not marketed for illegal drug use). Tobacco addiction is classified as Health and Nutrition. Semantic Keywords: smoking, cigarettes, cigars, vaping, nicotine.","http://www.bat.com
http://www.tobacco.org","Pro-tobacco websites, tobacco manufacturers, and pipes and smoking products (not marketed for illegal drug use). Tobacco addiction is classified as Health and Nutrition."
Transportation,trns,1044,"[Domain: Business & Commerce] Category: Transportation. Personal transportation, information about cars and motorcycles, shopping for new and used cars and motorcycles, car clubs, boats, airplanes, Recreational Vehicles (RVs), and other similar items. Note, car and motorcycle racing is classified as Sports and Recreation. Semantic Keywords: logistics, transit, mobility, shipping, passenger travel.","http://www.cars.com
http://www.motorcycles.com","Personal transportation, information about cars and motorcycles, shopping for new and used cars and motorcycles, car clubs, boats, airplanes, Recreational Vehicles (RVs), and other similar items. Note, car and motorcycle racing is classified as Sports and Recreation."
Travel,trvl,1046,"[Domain: Entertainment & Leisure] Category: Travel. Business and personal travel, travel information, travel resources, travel agents, vacation packages, cruises, lodging and accommodation, travel transportation, flight booking, airfares, car rental, and vacation homes. Semantic Keywords: tourism, flights, hotels, vacations, destinations, booking.","http://www.expedia.com
http://www.lonelyplanet.com","Business and personal travel, travel information, travel resources, travel agents, vacation packages, cruises, lodging and accommodation, travel transportation, flight booking, airfares, car rental, and vacation homes."
URL Shorteners,shrt,1120,"[Domain: Technology & Infrastructure] Category: URL Shorteners. Domains used to shorten long URLs, brand URLs, or obscure the final destination of a hyperlink. Semantic Keywords: links, redirection, link management, tinyurl, bitly.","http://bit.ly
http://tinyurl.com","Domains used to shorten long URLs, brand URLs, or obscure the final destination of a hyperlink."
Weapons,weap,1036,"[Domain: Adult & Mature Content] Category: Weapons. Information relating to the purchase or use of conventional weapons such as gun sellers, gun auctions, gun classified ads, gun accessories, gun shows, and gun training, and general information about guns and other weapons. Graphic hunting sites may be included. Government military websites are classified as Government and Law. Semantic Keywords: firearms, knives, ammunition, guns, tactical gear.","http://www.coldsteel.com
http://www.gunbroker.com","Information relating to the purchase or use of conventional weapons such as gun sellers, gun auctions, gun classified ads, gun accessories, gun shows, and gun training, and general information about guns and other weapons. Graphic hunting sites may be included. Government military websites are classified as Government and Law."
Web Cache and Archives,cach,1108,"[Domain: Technology & Infrastructure] Category: Web Cache and Archives. Cached or archived web content often stored for preservation or to decrease load times. Semantic Keywords: wayback machine, historical data, internet archive, cached pages.","http://archive.org
http://webcache.googleusercontent.com",Cached or archived web content often stored for preservation or to decrease load times.
Web Hosting,whst,1037,"[Domain: Technology & Infrastructure] Category: Web Hosting. Website hosting and bandwidth services. Semantic Keywords: servers, cpanel, websites, domain names, infrastructure.","http://www.bluehost.com
http://www.godaddy.com",Website hosting and bandwidth services.
Web Page Translation,tran,1063,"[Domain: Technology & Infrastructure] Category: Web Page Translation. Translation of web pages between languages. Semantic Keywords: localization, language translation, multilingual, interpreting.","http://babelfish.com
http://translate.google.com",Translation of web pages between languages.
Web-Based Email,mail,1038,"[Domain: Communication] Category: Web-Based Email. Public web-based email services. Websites enabling individuals to access their company or organization’s email service are classified as Organizational Email. Semantic Keywords: webmail, inbox, messages, SMTP, online mail.","http://mail.yahoo.com
http://outlook.com",Public web-based email services. Websites enabling individuals to access their company or organization’s email service are classified as Organizational Email.
No Category,na,1073741825,"[Domain: Miscellaneous] Category: No Category. URL is not categorized yet. Semantic Keywords: uncategorized, unknown, undefined, default.",Any URL that is not categorized yet.,URL is not categorized yet.
